{
  "timestamp": "2025-10-11T08:18:32.999524",
  "total_count": 1947,
  "average_latency": 59.87930148947098,
  "nodes": [
  ]
}
